{
  "txt": {
    "REF-txt--TesseractFra-PNG-txt": {
      "jaccard": [
        0.40802534318901795
      ],
      "braycurtis": [
        0.1044927658854387
      ],
      "dice": [
        0.25630140620854336
      ],
      "cosinus": [
        0.008987654813089496
      ]
    }
  },
  ".json": {
    "lg--lg": {
      "jaccard": [
        0.808
      ],
      "braycurtis": [
        0.5098039215686274
      ],
      "dice": [
        0.6778523489932886
      ],
      "cosinus": [
        0.35984294359010627
      ]
    }
  }
}