{
  "txt": {
    "REF-txt--Kraken-base-txt": {
      "jaccard": [
        0.6127519110493398
      ],
      "braycurtis": [
        0.20891319651269832
      ],
      "dice": [
        0.4417031934877896
      ],
      "cosinus": [
        0.029342546886016563
      ]
    }
  },
  ".json": {
    "lg--lg": {
      "jaccard": [
        0.8589211618257261
      ],
      "braycurtis": [
        0.5539305301645339
      ],
      "dice": [
        0.7527272727272727
      ],
      "cosinus": [
        0.16776369674382696
      ]
    }
  }
}